{"cameraMode":{"drawMode":0,"name":"Shaded","section":"Shading Mode"},"sceneLighting":true,"audioPlay":false,"sceneViewState":{"showFog":true,"showMaterialUpdate":false,"showSkybox":true,"showFlares":true,"showImageEffects":true,"showParticleSystems":true},"in2DMode":false,"pivot":{"x":-0.06563639640808106,"y":1.8772907257080079,"z":-30.61378288269043},"rotation":{"x":-0.18005125224590302,"y":-0.014761221595108509,"z":0.0027024976443499328,"w":-0.9835401177406311},"size":12.638416290283204,"orthographic":false}